First Name,Last Name,Constituency,Political Affiliation,Province,Honorific Title,Gender,Row,Column,PID,CID
Ziad,Aboultaif,Edmonton Manning,Conservative,,Alberta,,M,3,23,89156,8781
Dan,Albas,Central Okanagan—Similkameen—Nicola,Conservative,,British Columbia,,M,1,5,72029,8781
Harold,Albrecht,Kitchener—Conestoga,Conservative,,Ontario,,M,2,9,35607,8781
John,Aldag,Cloverdale—Langley City,Liberal,,British Columbia,,M,9,42,89258,4
Omar,Alghabra,Mississauga Centre,Liberal,,Ontario,,M,9,12,89535,4
Leona,Alleslev,Aurora—Oak Ridges—Richmond Hill,Liberal,,Ontario,,F,9,32,88671,4
Dean,Allison,Niagara West,Conservative,,Ontario,,M,3,14,25446,8781
Rona,Ambrose,Sturgeon River—Parkland,Conservative,Hon.,Alberta,,F,4,20,25447,8781
William,Amos,Pontiac,Liberal,,Quebec,,M,9,44,89527,4
Gary,Anandasangaree,Scarborough—Rouge Park,Liberal,,Ontario,,M,9,45,89449,4
David,Anderson,Cypress Hills—Grasslands,Conservative,,Saskatchewan,,M,4,9,1795,8781
Charlie,Angus,Timmins—James Bay,NDP,,Ontario,,M,4,41,25470,3
Mel,Arnold,North Okanagan—Shuswap,Conservative,,British Columbia,,M,1,15,89294,8781
René,Arseneault,Madawaska—Restigouche,Liberal,,New Brunswick,,M,9,47,89383,4
Chandra,Arya,Nepean,Liberal,,Ontario,,M,10,2,88860,4
Niki,Ashton,Churchill—Keewatinook Aski,NDP,,Manitoba,,F,4,33,36037,3
Robert,Aubin,Trois-Rivières,NDP,,Quebec,,M,2,35,71560,3
Ramez,Ayoub,Thérèse-De Blainville,Liberal,,Quebec,,M,10,3,88419,4
Vance,Badawey,Niagara Centre,Liberal,,Ontario,,M,10,4,88867,4
Larry,Bagnell,Yukon,Liberal,Hon.,Yukon,,M,7,47,1796,4
Navdeep,Bains,Mississauga—Malton,Liberal,Hon.,Ontario,,M,7,35,25471,4
John,Barlow,Foothills,Conservative,,Alberta,,M,1,11,86261,8781
Xavier,Barsalou-Duval,Pierre-Boucher—Les Patriotes—Verchères,Bloc Québécois,,Quebec,,M,0,40,88422,6
Frank,Baylis,Pierrefonds—Dollard,Liberal,,Quebec,,M,10,5,88578,4
Mario,Beaulieu,La Pointe-de-l'Île,Bloc Québécois,,Quebec,,M,0,39,376,6
Terry,Beech,Burnaby North—Seymour,Liberal,,British Columbia,,M,9,26,89236,4
Carolyn,Bennett,Toronto—St. Paul's,Liberal,Hon.,Ontario,,F,7,38,992,4
Sheri,Benson,Saskatoon West,NDP,,Saskatchewan,,F,1,34,89090,3
Candice,Bergen,Portage—Lisgar,Conservative,Hon.,Manitoba,,F,4,18,59110,8781
Maxime,Bernier,Beauce,Conservative,Hon.,Quebec,,M,0,27,35309,8781
Luc,Berthold,Mégantic—L'Érable,Conservative,,Quebec,,M,1,17,88541,8781
James,Bezan,Selkirk—Interlake—Eastman,Conservative,,Manitoba,,M,4,12,25475,8781
Marie-Claude,Bibeau,Compton—Stanstead,Liberal,Hon.,Quebec,,F,7,30,88449,4
Chris,Bittle,St. Catharines,Liberal,,Ontario,,M,10,6,88934,4
Daniel,Blaikie,Elmwood—Transcona,NDP,,Manitoba,,M,1,32,89032,3
Bill,Blair,Scarborough Southwest,Liberal,,Ontario,,M,9,30,88961,4
Rachel,Blaney,North Island—Powell River,NDP,,British Columbia,,F,1,45,89354,3
Steven,Blaney,Bellechasse—Les Etchemins—Lévis,Conservative,Hon.,Quebec,,M,0,10,35389,8781
Kelly,Block,Carlton Trail—Eagle Creek,Conservative,,Saskatchewan,,F,4,11,59156,8781
Randy,Boissonnault,Edmonton Centre,Liberal,,Alberta,,M,8,12,89147,4
Mike,Bossio,Hastings—Lennox and Addington,Liberal,,Ontario,,M,10,8,88786,4
Sylvie,Boucher,Beauport—Côte-de-Beaupré—Île d'Orléans—Charlevoix,Conservative,,Quebec,,F,2,21,35320,8781
Michel,Boudrias,Terrebonne,Bloc Québécois,,Quebec,,M,0,42,88651,6
Alexandre,Boulerice,Rosemont—La Petite-Patrie,NDP,,Quebec,,M,3,42,58775,3
Marjolaine,Boutin-Sweet,Hochelaga,NDP,,Quebec,,F,3,35,71395,3
John,Brassard,Barrie—Innisfil,Conservative,,Ontario,,M,3,30,88674,8781
Bob,Bratina,Hamilton East—Stoney Creek,Liberal,,Ontario,,M,10,9,88775,4
Pierre,Breton,Shefford,Liberal,,Quebec,,M,10,10,58707,4
Scott,Brison,Kings—Hants,Liberal,Hon.,Nova Scotia,,M,7,24,74,4
Ruth Ellen,Brosseau,Berthier—Maskinongé,NDP,,Quebec,,F,3,41,71357,3
Gordon,Brown,Leeds—Grenville—Thousand Islands and Rideau Lakes,Conservative,,Ontario,,M,3,20,25483,8781
Celina,Caesar-Chavannes,Whitby,Liberal,,Ontario,,F,9,18,86786,4
Blaine,Calkins,Red Deer—Lacombe,Conservative,,Alberta,,M,2,11,35897,8781
Richard,Cannings,South Okanagan—West Kootenay,NDP,,British Columbia,,M,1,36,89327,3
Guy,Caron,Rimouski-Neigette—Témiscouata—Les Basques,NDP,,Quebec,,M,2,38,23915,3
Jim,Carr,Winnipeg South Centre,Liberal,Hon.,Manitoba,,M,8,17,89059,4
Colin,Carrie,Oshawa,Conservative,,Ontario,,M,3,15,25486,8781
Bill,Casey,Cumberland—Colchester,Liberal,,Nova Scotia,,M,8,2,51,4
Sean,Casey,Charlottetown,Liberal,,Prince Edward Island,,M,9,29,71270,4
Bardish,Chagger,Waterloo,Liberal,Hon.,Ontario,,F,7,18,89000,4
François-Philippe,Champagne,Saint-Maurice—Champlain,Liberal,,Quebec,,M,9,24,88633,4
Arnold,Chan,Scarborough—Agincourt,Liberal,,Ontario,,M,9,9,86249,4
Shaun,Chen,Scarborough North,Liberal,,Ontario,,M,10,11,88953,4
Michael,Chong,Wellington—Halton Hills,Conservative,Hon.,Ontario,,M,0,9,25488,8781
François,Choquette,Drummond,NDP,,Quebec,,M,2,45,35351,3
David,Christopherson,Hamilton Centre,NDP,,Ontario,,M,4,39,25489,3
Alupa,Clarke,Beauport—Limoilou,Conservative,,Quebec,,M,3,11,88404,8781
Tony,Clement,Parry Sound—Muskoka,Conservative,Hon.,Ontario,,M,4,15,15975,8781
Michael,Cooper,St. Albert—Edmonton,Conservative,,Alberta,,M,1,18,89219,8781
Serge,Cormier,Acadie—Bathurst,Liberal,,New Brunswick,,M,9,15,88350,4
Nathan,Cullen,Skeena—Bulkley Valley,NDP,,British Columbia,,M,4,44,25493,3
Rodger,Cuzner,Cape Breton—Canso,Liberal,,Nova Scotia,,M,8,14,1804,4
Julie,Dabrusin,Toronto—Danforth,Liberal,,Ontario,,F,10,12,88994,4
Pam,Damoff,Oakville North—Burlington,Liberal,,Ontario,,F,10,14,88884,4
Don,Davies,Vancouver Kingsway,NDP,,British Columbia,,M,4,42,59325,3
Matt,DeCourcey,Fredericton,Liberal,,New Brunswick,,M,10,15,88355,4
Gérard,Deltell,Louis-Saint-Laurent,Conservative,,Quebec,,M,4,17,88535,8781
Sukh,Dhaliwal,Surrey—Newton,Liberal,,British Columbia,,M,8,44,31098,4
Anju,Dhillon,Dorval—Lachine—LaSalle,Liberal,,Quebec,,F,9,11,88453,4
Nicola,Di Iorio,Saint-Léonard—Saint-Michel,Liberal,,Quebec,,M,10,16,88627,4
Stéphane,Dion,Saint-Laurent,Liberal,Hon.,Quebec,,M,7,15,460,4
Kerry,Diotte,Edmonton Griesbach,Conservative,,Alberta,,M,1,21,89150,8781
Todd,Doherty,Cariboo—Prince George,Conservative,,British Columbia,,M,3,9,89249,8781
Fin,Donnelly,Port Moody—Coquitlam,NDP,,British Columbia,,M,4,45,63592,3
Earl,Dreeshen,Red Deer—Mountain View,Conservative,,Alberta,,M,2,17,59226,8781
Francis,Drouin,Glengarry—Prescott—Russell,Liberal,,Ontario,,M,10,17,88756,4
Matthew,Dubé,Beloeil—Chambly,NDP,,Quebec,,M,3,38,71368,3
Emmanuel,Dubourg,Bourassa,Liberal,,Quebec,,M,8,29,84660,4
Jean-Yves,Duclos,Québec,Liberal,Hon.,Quebec,,M,8,26,89408,4
Terry,Duguid,Winnipeg South,Liberal,,Manitoba,,M,9,27,31119,4
Kirsty,Duncan,Etobicoke North,Liberal,Hon.,Ontario,,F,8,24,58877,4
Linda,Duncan,Edmonton Strathcona,NDP,,Alberta,,F,4,38,35873,3
Pierre-Luc,Dusseault,Sherbrooke,NDP,,Quebec,,M,2,42,71553,3
Scott,Duvall,Hamilton Mountain,NDP,,Ontario,,M,2,33,88780,3
Julie,Dzerowicz,Davenport,Liberal,,Ontario,,F,10,18,88721,4
Wayne,Easter,Malpeque,Liberal,Hon.,Prince Edward Island,,M,7,42,43,4
Jim,Eglinski,Yellowhead,Conservative,,Alberta,,M,1,14,48292,8781
Ali,Ehsassi,Willowdale,Liberal,,Ontario,,M,10,20,89010,4
Fayçal,El-Khoury,Laval—Les Îles,Liberal,,Quebec,,M,10,22,88515,4
Neil,Ellis,Bay of Quinte,Liberal,,Ontario,,M,10,23,88683,4
Nathaniel,Erskine-Smith,Beaches—East York,Liberal,,Ontario,,M,10,24,88687,4
Mark,Eyking,Sydney—Victoria,Liberal,Hon.,Nova Scotia,,M,9,8,1806,4
Doug,Eyolfson,Charleswood—St. James—Assiniboia—Headingley,Liberal,,Manitoba,,M,10,26,89027,4
Ted,Falk,Provencher,Conservative,,Manitoba,,M,1,8,84672,8781
Ed,Fast,Abbotsford,Conservative,Hon.,British Columbia,,M,4,29,35904,8781
Greg,Fergus,Hull—Aylmer,Liberal,,Quebec,,M,8,36,88478,4
Andy,Fillmore,Halifax,Liberal,,Nova Scotia,,M,10,27,88325,4
Diane,Finley,Haldimand—Norfolk,Conservative,Hon.,Ontario,,F,4,6,25501,8781
Pat,Finnigan,Miramichi—Grand Lake,Liberal,,New Brunswick,,M,10,28,88360,4
Darren,Fisher,Dartmouth—Cole Harbour,Liberal,,Nova Scotia,,M,10,29,88323,4
Peter,Fonseca,Mississauga East—Cooksville,Liberal,,Ontario,,M,10,30,71692,4
Judy,Foote,Bonavista—Burin—Trinity,Liberal,Hon.,Newfoundland and Labrador,,F,7,21,58519,4
Rhéal,Fortin,Rivière-du-Nord,Bloc Québécois,,Quebec,,M,0,36,88605,6
Peter,Fragiskatos,London North Centre,Liberal,,Ontario,,M,10,32,88827,4
Colin,Fraser,West Nova,Liberal,,Nova Scotia,,M,10,33,88346,4
Sean,Fraser,Central Nova,Liberal,,Nova Scotia,,M,10,34,88316,4
Chrystia,Freeland,University—Rosedale,Liberal,Hon.,Ontario,,F,7,36,84665,4
Hedy,Fry,Vancouver Centre,Liberal,Hon.,British Columbia,,F,8,27,1589,4
Stephen,Fuhr,Kelowna—Lake Country,Liberal,,British Columbia,,M,10,35,89279,4
Cheryl,Gallant,Renfrew—Nipissing—Pembroke,Conservative,,Ontario,,F,3,6,1809,8781
Marc,Garneau,Notre-Dame-de-Grâce—Westmount,Liberal,Hon.,Quebec,,M,8,23,10524,4
Randall,Garrison,Esquimalt—Saanich—Sooke,NDP,,British Columbia,,M,3,33,71995,3
Bernard,Généreux,Montmagny—L'Islet—Kamouraska—Rivière-du-Loup,Conservative,,Quebec,,M,2,24,63908,8781
Garnett,Genuis,Sherwood Park—Fort Saskatchewan,Conservative,,Alberta,,M,1,22,89226,8781
Mark,Gerretsen,Kingston and the Islands,Liberal,,Ontario,,M,10,36,88802,4
Marilène,Gill,Manicouagan,Bloc Québécois,,Quebec,,F,0,41,88538,6
Marilyn,Gladu,Sarnia—Lambton,Conservative,,Ontario,,F,3,26,88938,8781
Joël,Godin,Portneuf—Jacques-Cartier,Conservative,,Quebec,,M,1,26,89407,8781
Pam,Goldsmith-Jones,West Vancouver—Sunshine Coast—Sea to Sky Country,Liberal,,British Columbia,,F,9,14,89370,4
Ralph,Goodale,Regina—Wascana,Liberal,Hon.,Saskatchewan,,M,7,11,1265,4
Karina,Gould,Burlington,Liberal,,Ontario,,F,8,32,88715,4
Jacques,Gourde,Lévis—Lotbinière,Conservative,,Quebec,,M,2,26,35397,8781
David de Burgh,Graham,Laurentides—Labelle,Liberal,,Quebec,,M,10,38,88504,4
Raj,Grewal,Brampton East,Liberal,,Ontario,,M,10,39,88694,4
Patty,Hajdu,Thunder Bay—Superior North,Liberal,Hon.,Ontario,,F,8,15,88984,4
Cheryl,Hardcastle,Windsor—Tecumseh,NDP,,Ontario,,F,1,41,89012,3
Rachael,Harder,Lethbridge,Conservative,,Alberta,,F,1,24,89200,8781
Ken,Hardie,Fleetwood—Port Kells,Liberal,,British Columbia,,M,10,40,89274,4
T.J.,Harvey,Tobique—Mactaquac,Liberal,,New Brunswick,,M,10,41,88370,4
Kent,Hehr,Calgary Centre,Liberal,Hon.,Alberta,,M,7,5,89111,4
Randy,Hoback,Prince Albert,Conservative,,Saskatchewan,,M,2,29,59148,8781
Mark,Holland,Ajax,Liberal,,Ontario,,M,9,33,25508,4
Anthony,Housefather,Mount Royal,Liberal,,Quebec,,M,10,42,88558,4
Carol,Hughes,Algoma—Manitoulin—Kapuskasing,NDP,,Ontario,,F,1,47,31289,3
Ahmed,Hussen,York South—Weston,Liberal,,Ontario,,M,10,44,89020,4
Gudie,Hutchings,Long Range Mountains,Liberal,,Newfoundland and Labrador,,F,9,38,88292,4
Angelo,Iacono,Alfred-Pellan,Liberal,,Quebec,,M,10,45,71337,4
Matt,Jeneroux,Edmonton Riverbend,Conservative,,Alberta,,M,1,23,89167,8781
Gord,Johns,Courtenay—Alberni,NDP,,British Columbia,,M,1,38,89263,3
Georgina,Jolibois,Desnethé—Missinippi—Churchill River,NDP,,Saskatchewan,,F,1,44,89065,3
Mélanie,Joly,Ahuntsic-Cartierville,Liberal,Hon.,Quebec,,F,7,12,88384,4
Yvonne,Jones,Labrador,Liberal,,Newfoundland and Labrador,,F,8,39,13218,4
Bernadette,Jordan,South Shore—St. Margarets,Liberal,,Nova Scotia,,F,10,47,88340,4
Majid,Jowhari,Richmond Hill,Liberal,,Ontario,,M,11,0,88929,4
Peter,Julian,New Westminster—Burnaby,NDP,,British Columbia,,M,3,45,16399,3
Darshan Singh,Kang,Calgary Skyview,Liberal,,Alberta,,M,11,1,89144,4
Pat,Kelly,Calgary Rocky Ridge,Conservative,,Alberta,,M,1,27,89130,8781
Peter,Kent,Thornhill,Conservative,Hon.,Ontario,,M,4,24,35699,8781
Iqra,Khalid,Mississauga—Erin Mills,Liberal,,Ontario,,F,11,2,88849,4
Kamal,Khera,Brampton West,Liberal,,Ontario,,F,8,9,88705,4
Robert,Kitchen,Souris—Moose Mountain,Conservative,,Saskatchewan,,M,1,28,89095,8781
Tom,Kmiec,Calgary Shepard,Conservative,,Alberta,,M,1,29,89136,8781
Jenny,Kwan,Vancouver East,NDP,,British Columbia,,F,3,44,89346,3
Mike,Lake,Edmonton—Wetaskiwin,Conservative,Hon.,Alberta,,M,2,5,35857,8781
David,Lametti,LaSalle—Émard—Verdun,Liberal,,Quebec,,M,8,38,88501,4
Kevin,Lamoureux,Winnipeg North,Liberal,,Manitoba,,M,9,20,30552,4
Linda,Lapointe,Rivière-des-Mille-Îles,Liberal,,Quebec,,F,11,3,88601,4
Guy,Lauzon,Stormont—Dundas—South Glengarry,Conservative,,Ontario,,M,2,6,25516,8781
Stéphane,Lauzon,Argenteuil—La Petite-Nation,Liberal,,Quebec,,M,8,6,88394,4
Hélène,Laverdière,Laurier—Sainte-Marie,NDP,,Quebec,,F,3,39,71434,3
Denis,Lebel,Lac-Saint-Jean,Conservative,Hon.,Quebec,,M,4,21,38633,8781
Dominic,LeBlanc,Beauséjour,Liberal,Hon.,New Brunswick,,M,7,17,1813,4
Diane,Lebouthillier,Gaspésie—Les Îles-de-la-Madeleine,Liberal,Hon.,Quebec,,F,7,29,88460,4
Paul,Lefebvre,Sudbury,Liberal,,Ontario,,M,11,4,88973,4
K. Kellie,Leitch,Simcoe—Grey,Conservative,Hon.,Ontario,,F,0,11,71786,8781
Denis,Lemieux,Chicoutimi—Le Fjord,Liberal,,Quebec,,M,11,5,88446,4
Andrew,Leslie,Orléans,Liberal,Hon.,Ontario,,M,8,20,88894,4
Michael,Levitt,York Centre,Liberal,,Ontario,,M,11,6,89018,4
Ron,Liepert,Calgary Signal Hill,Conservative,,Alberta,,M,1,30,89139,8781
Joël,Lightbound,Louis-Hébert,Liberal,,Quebec,,M,11,8,88532,4
Ben,Lobb,Huron—Bruce,Conservative,,Ontario,,M,2,23,35600,8781
Alaina,Lockhart,Fundy Royal,Liberal,,New Brunswick,,F,11,9,88357,4
Wayne,Long,Saint John—Rothesay,Liberal,,New Brunswick,,M,11,10,88368,4
Lloyd,Longfield,Guelph,Liberal,,Ontario,,M,11,11,88761,4
Karen,Ludwig,New Brunswick Southwest,Liberal,,New Brunswick,,F,11,12,88365,4
Tom,Lukiwski,Moose Jaw—Lake Centre—Lanigan,Conservative,,Saskatchewan,,M,2,8,25520,8781
Lawrence,MacAulay,Cardigan,Liberal,Hon.,Prince Edward Island,,M,7,27,33,4
Alistair,MacGregor,Cowichan—Malahat—Langford,NDP,,British Columbia,,M,1,40,89269,3
Dave,MacKenzie,Oxford,Conservative,,Ontario,,M,2,18,891,8781
Steven,MacKinnon,Gatineau,Liberal,,Quebec,,M,11,14,88468,4
Larry,Maguire,Brandon—Souris,Conservative,,Manitoba,,M,1,9,7251,8781
Sheila,Malcolmson,Nanaimo—Ladysmith,NDP,,British Columbia,,F,1,39,89486,3
James,Maloney,Etobicoke—Lakeshore,Liberal,,Ontario,,M,11,15,88748,4
Simon,Marcil,Mirabel,Bloc Québécois,,Quebec,,M,0,34,88544,6
Brian,Masse,Windsor West,NDP,,Ontario,,M,4,47,9137,3
Rémi,Massé,Avignon—La Mitis—Matane—Matapédia,Liberal,,Quebec,,M,11,16,88397,4
Irene,Mathyssen,London—Fanshawe,NDP,,Ontario,,F,3,36,764,3
Bryan,May,Cambridge,Liberal,,Ontario,,M,11,17,71599,4
Elizabeth,May,Saanich—Gulf Islands,Green Party,,British Columbia,,F,0,45,2897,14130
John,McCallum,Markham—Thornhill,Liberal,Hon.,Ontario,,M,7,32,1817,4
Kelly,McCauley,Edmonton West,Conservative,,Alberta,,M,1,20,89179,8781
Phil,McColeman,Brantford—Brant,Conservative,,Ontario,,M,3,27,35539,8781
Karen,McCrimmon,Kanata—Carleton,Liberal,,Ontario,,F,8,5,71602,4
Ken,McDonald,Avalon,Liberal,,Newfoundland and Labrador,,M,11,18,88283,4
David,McGuinty,Ottawa South,Liberal,,Ontario,,M,8,3,9486,4
John,McKay,Scarborough—Guildwood,Liberal,Hon.,Ontario,,M,8,8,957,4
Catherine,McKenna,Ottawa Centre,Liberal,Hon.,Ontario,,F,7,33,88892,4
Ron,McKinnon,Coquitlam—Port Coquitlam,Liberal,,British Columbia,,M,11,20,59293,4
Cathy,McLeod,Kamloops—Thompson—Cariboo,Conservative,,British Columbia,,F,4,14,59265,8781
Michael,McLeod,Northwest Territories,Liberal,,Northwest Territories,,M,11,21,89374,4
Alexandra,Mendès,Brossard—Saint-Lambert,Liberal,,Quebec,,F,9,5,58621,4
Marco,Mendicino,Eglinton—Lawrence,Liberal,,Ontario,,M,11,22,88738,4
MaryAnn,Mihychuk,Kildonan—St. Paul,Liberal,Hon.,Manitoba,,F,7,14,89037,4
Larry,Miller,Bruce—Grey—Owen Sound,Conservative,,Ontario,,M,2,15,25522,8781
Marc,Miller,Ville-Marie—Le Sud-Ouest—Île-des-Soeurs,Liberal,,Quebec,,M,11,23,88660,4
Maryam,Monsef,Peterborough—Kawartha,Liberal,Hon.,Ontario,,F,8,18,88922,4
Christine,Moore,Abitibi—Témiscamingue,NDP,,Quebec,,F,3,47,232,3
Bill,Morneau,Toronto Centre,Liberal,Hon.,Ontario,,M,7,23,88992,4
Robert,Morrissey,Egmont,Liberal,,Prince Edward Island,,M,11,24,88308,4
Thomas,Mulcair,Outremont,NDP,Hon.,Quebec,,M,4,35,26684,3
Joyce,Murray,Vancouver Quadra,Liberal,,British Columbia,,F,8,30,35950,4
Pierre,Nantel,Longueuil—Saint-Hubert,NDP,,Quebec,,M,2,36,71447,3
Eva,Nassif,Vimy,Liberal,,Quebec,,F,11,26,58806,4
John,Nater,Perth—Wellington,Conservative,,Ontario,,M,0,14,88917,8781
Robert,Nault,Kenora,Liberal,Hon.,Ontario,,M,7,45,709,4
Rob,Nicholson,Niagara Falls,Conservative,Hon.,Ontario,,M,4,5,820,8781
Alexander,Nuttall,Barrie—Springwater—Oro-Medonte,Conservative,,Ontario,,M,0,15,88679,8781
Deepak,Obhrai,Calgary Forest Lawn,Conservative,Hon.,Alberta,,M,0,29,1287,8781
Jennifer,O'Connell,Pickering—Uxbridge,Liberal,,Ontario,,F,11,27,88925,4
Robert,Oliphant,Don Valley West,Liberal,,Ontario,,M,9,6,58858,4
John,Oliver,Oakville,Liberal,,Ontario,,M,11,28,88881,4
Seamus,O'Regan,St. John's South—Mount Pearl,Liberal,,Newfoundland and Labrador,,M,11,29,88299,4
Erin,O'Toole,Durham,Conservative,Hon.,Ontario,,M,0,12,72773,8781
Robert-Falcon,Ouellette,Winnipeg Centre,Liberal,,Manitoba,,M,11,30,89466,4
Denis,Paradis,Brome—Missisquoi,Liberal,Hon.,Quebec,,M,7,41,198,4
Pierre,Paul-Hus,Charlesbourg—Haute-Saint-Charles,Conservative,,Quebec,,M,3,12,71454,8781
Monique,Pauzé,Repentigny,Bloc Québécois,,Quebec,,F,0,35,88595,6
Joe,Peschisolido,Steveston—Richmond East,Liberal,,British Columbia,,M,9,41,1825,4
Kyle,Peterson,Newmarket—Aurora,Liberal,,Ontario,,M,11,32,71702,4
Ginette,Petitpas Taylor,Moncton—Riverview—Dieppe,Liberal,Hon.,New Brunswick,,F,10,21,88364,4
Jane,Philpott,Markham—Stouffville,Liberal,Hon.,Ontario,,F,7,9,88835,4
Michel,Picard,Montarville,Liberal,,Quebec,,M,8,11,71529,4
Louis,Plamondon,Bécancour—Nicolet—Saurel,Bloc Québécois,,Quebec,,M,0,32,413,6
Pierre,Poilievre,Carleton,Conservative,Hon.,Ontario,,M,4,30,25524,8781
Jean-Claude,Poissant,La Prairie,Liberal,,Quebec,,M,7,39,88493,4
Anne Minh-Thu,Quach,Salaberry—Suroît,NDP,,Quebec,,F,2,41,71350,3
Carla,Qualtrough,Delta,Liberal,Hon.,British Columbia,,F,7,6,89272,4
Lisa,Raitt,Milton,Conservative,Hon.,Ontario,,F,0,28,54325,8781
Tracey,Ramsey,Essex,NDP,,Ontario,,F,1,42,88745,3
Murray,Rankin,Victoria,NDP,,British Columbia,,M,4,36,60078,3
Yasmin,Ratansi,Don Valley East,Liberal,,Ontario,,F,8,42,25449,4
Alain,Rayes,Richmond—Arthabaska,Conservative,,Quebec,,M,3,29,88600,8781
Geoff,Regan,Halifax West,Liberal,Hon.,Nova Scotia,,M,6,0,1760,4
Scott,Reid,Lanark—Frontenac—Kingston,Conservative,,Ontario,,M,3,17,1827,8781
Michelle,Rempel,Calgary Nose Hill,Conservative,Hon.,Alberta,,F,4,27,71902,8781
Blake,Richards,Banff—Airdrie,Conservative,,Alberta,,M,2,27,59235,8781
Jean,Rioux,Saint-Jean,Liberal,,Quebec,,M,11,33,88623,4
Gerry,Ritz,Battlefords—Lloydminster,Conservative,Hon.,Saskatchewan,,M,4,8,1209,8781
Yves,Robillard,Marc-Aurèle-Fortin,Liberal,,Quebec,,M,11,34,88617,4
Pablo,Rodriguez,Honoré-Mercier,Liberal,,Quebec,,M,9,21,25451,4
Sherry,Romanado,Longueuil—Charles-LeMoyne,Liberal,,Quebec,,F,11,35,88521,4
Anthony,Rota,Nipissing—Timiskaming,Liberal,,Ontario,,M,9,3,25452,4
Kim,Rudd,Northumberland—Peterborough South,Liberal,,Ontario,,F,9,17,71718,4
Dan,Ruimy,Pitt Meadows—Maple Ridge,Liberal,,British Columbia,,M,11,36,89304,4
Don,Rusnak,Thunder Bay—Rainy River,Liberal,,Ontario,,M,11,38,88982,4
Romeo,Saganash,Abitibi—Baie-James—Nunavik—Eeyou,NDP,,Quebec,,M,2,39,71482,3
Ruby,Sahota,Brampton North,Liberal,,Ontario,,F,11,39,88698,4
Raj,Saini,Kitchener Centre,Liberal,,Ontario,,M,11,40,88807,4
Harjit S.,Sajjan,Vancouver South,Liberal,Hon.,British Columbia,,M,7,8,89497,4
Darrell,Samson,Sackville—Preston—Chezzetcook,Liberal,,Nova Scotia,,M,11,41,88333,4
Ramesh,Sangha,Brampton Centre,Liberal,,Ontario,,M,11,42,88692,4
Brigitte,Sansoucy,Saint-Hyacinthe—Bagot,NDP,,Quebec,,F,2,44,53569,3
Randeep,Sarai,Surrey Centre,Liberal,,British Columbia,,M,11,44,89339,4
Bob,Saroya,Markham—Unionville,Conservative,,Ontario,,M,0,17,58878,8781
Francis,Scarpaleggia,Lac-Saint-Louis,Liberal,,Quebec,,M,9,2,25453,4
Andrew,Scheer,Regina—Qu'Appelle,Conservative,,Saskatchewan,,M,0,8,25454,8781
Peter,Schiefke,Vaudreuil—Soulanges,Liberal,,Quebec,,M,9,35,88649,4
Jamie,Schmale,Haliburton—Kawartha Lakes—Brock,Conservative,,Ontario,,M,0,18,88770,8781
Deborah,Schulte,King—Vaughan,Liberal,,Ontario,,F,11,45,88799,4
Marc,Serré,Nickel Belt,Liberal,,Ontario,,M,3,0,88874,4
Judy A.,Sgro,Humber River—Black Creek,Liberal,Hon.,Ontario,,F,7,44,1787,4
Brenda,Shanahan,Châteauguay—Lacolle,Liberal,,Quebec,,F,3,2,88442,4
Terry,Sheehan,Sault Ste. Marie,Liberal,,Ontario,,M,3,3,88944,4
Martin,Shields,Bow River,Conservative,,Alberta,,M,0,20,89109,8781
Bev,Shipley,Lambton—Kent—Middlesex,Conservative,,Ontario,,M,2,12,31664,8781
Jati,Sidhu,Mission—Matsqui—Fraser Canyon,Liberal,,British Columbia,,M,2,0,89288,4
Sonia,Sidhu,Brampton South,Liberal,,Ontario,,F,2,2,88703,4
Gagan,Sikand,Mississauga—Streetsville,Liberal,,Ontario,,M,2,3,88858,4
Scott,Simms,Coast of Bays—Central—Notre Dame,Liberal,,Newfoundland and Labrador,,M,8,41,25456,4
Amarjeet,Sohi,Edmonton Mill Woods,Liberal,Hon.,Alberta,,M,8,21,89163,4
Robert,Sopuck,Dauphin—Swan River—Neepawa,Conservative,,Manitoba,,M,2,30,69488,8781
Francesco,Sorbara,Vaughan—Woodbridge,Liberal,,Ontario,,M,1,2,88999,4
Kevin,Sorenson,Battle River—Crowfoot,Conservative,Hon.,Alberta,,M,3,32,1832,8781
Sven,Spengemann,Mississauga—Lakeshore,Liberal,,Ontario,,M,8,47,88852,4
Bruce,Stanton,Simcoe North,Conservative,,Ontario,,M,1,4,35724,8781
Gabriel,Ste-Marie,Joliette,Bloc Québécois,,Quebec,,M,0,33,88485,6
Wayne,Stetski,Kootenay—Columbia,NDP,,British Columbia,,M,1,35,89281,3
Kennedy,Stewart,Burnaby South,NDP,,British Columbia,,M,2,32,31701,3
Mark,Strahl,Chilliwack—Hope,Conservative,,British Columbia,,M,4,26,71986,8781
Shannon,Stubbs,Lakeland,Conservative,,Alberta,,F,0,21,89198,8781
David,Sweet,Flamborough—Glanbrook,Conservative,,Ontario,,M,2,20,31715,8781
Marwan,Tabbara,Kitchener South—Hespeler,Liberal,,Ontario,,M,1,3,88813,4
Geng,Tan,Don Valley North,Liberal,,Ontario,,M,0,1,88726,4
Filomena,Tassi,Hamilton West—Ancaster—Dundas,Liberal,,Ontario,,F,0,2,88784,4
Luc,Thériault,Montcalm,Bloc Québécois,,Quebec,,M,0,38,88552,6
David,Tilson,Dufferin—Caledon,Conservative,,Ontario,,M,3,5,25461,8781
Hunter,Tootoo,Nunavut,Independent,Hon.,Nunavut,,M,0,6,1665,8
Brad,Trost,Saskatoon—University,Conservative,,Saskatchewan,,M,0,30,25462,8781
Justin,Trudeau,Papineau,Liberal,Right Hon.,Quebec,,M,7,20,58733,4
Karine,Trudel,Jonquière,NDP,,Quebec,,F,2,47,88488,3
Dave,Van Kesteren,Chatham-Kent—Leamington,Conservative,,Ontario,,M,2,14,31765,8781
Peter,Van Loan,York—Simcoe,Conservative,Hon.,Ontario,,M,4,32,25465,8781
Dan,Vandal,Saint Boniface—Saint Vital,Liberal,,Manitoba,,M,0,3,89045,4
Anita,Vandenbeld,Ottawa West—Nepean,Liberal,,Ontario,,F,8,45,71738,4
Adam,Vaughan,Spadina—Fort York,Liberal,,Ontario,,M,9,36,54434,4
Karen,Vecchio,Elgin—Middlesex—London,Conservative,,Ontario,,F,3,21,88742,8781
Arnold,Viersen,Peace River—Westlock,Conservative,,Alberta,,M,0,22,89211,8781
Arif,Virani,Parkdale—High Park,Liberal,,Ontario,,M,8,33,88910,4
Cathay,Wagantall,Yorkton—Melville,Conservative,,Saskatchewan,,F,0,23,89098,8781
Mark,Warawa,Langley—Aldergrove,Conservative,,British Columbia,,M,3,8,25467,8781
Chris,Warkentin,Grande Prairie—Mackenzie,Conservative,,Alberta,,M,3,18,35886,8781
Dianne L.,Watts,South Surrey—White Rock,Conservative,,British Columbia,,F,4,23,89333,8781
Kevin,Waugh,Saskatoon—Grasswood,Conservative,,Saskatchewan,,M,0,24,89084,8781
Len,Webber,Calgary Confederation,Conservative,,Alberta,,M,0,26,89116,8781
Erin,Weir,Regina—Lewvan,NDP,,Saskatchewan,,M,1,33,31796,3
Nick,Whalen,St. John's East,Liberal,,Newfoundland and Labrador,,M,0,4,88296,4
Jonathan,Wilkinson,North Vancouver,Liberal,,British Columbia,,M,8,35,89300,4
Jody,Wilson-Raybould,Vancouver Granville,Liberal,Hon.,British Columbia,,F,7,26,89494,4
Alice,Wong,Richmond Centre,Conservative,Hon.,British Columbia,,F,3,24,30812,8781
Borys,Wrzesnewskyj,Etobicoke Centre,Liberal,,Ontario,,M,9,39,25468,4
Kate,Young,London West,Liberal,,Ontario,,F,9,23,88832,4
David,Yurdiga,Fort McMurray—Cold Lake,Conservative,,Alberta,,M,1,12,86260,8781
Salma,Zahid,Scarborough Centre,Liberal,,Ontario,,F,0,5,88950,4
Bob,Zimmer,Prince George—Peace River—Northern Rockies,Conservative,,British Columbia,,M,1,6,72035,8781
